Name,Gender,DOB,HBDApproved,Child,Cat,DogOther,Active,Calm,FoodMo,Intelligent,Outgoing,Holdingshel,Address,ImageLink
Rhys,M,1-Jul-2024,N,,,Y,,Y,Y,,Y,ASD,https://asdsingapore.com/adopt/rhys,https://asdsingapore.com/assets/images/adopts/rhys-20250223154628.jpg
Hondo,M,1-Oct-2021,Y,,,Y,Y,,Y,,,ASD,https://asdsingapore.com/adopt/hondo,https://asdsingapore.com/assets/images/adopts/hondo-20250223154350.jpg
Spam,M,1-Jan-2024,Y,,,Y,,,Y,,,ASD,https://asdsingapore.com/adopt/spam,https://asdsingapore.com/assets/images/adopts/spam-20241124145441.jpg
Jam,F,1-Nov-2023,Y,,,,Y,,Y,,,ASD,https://asdsingapore.com/adopt/jam,https://asdsingapore.com/assets/images/adopts/jam-20241124145301.jpg
Pai Ka,M,1-Oct-2016,Y,,,Y,Y,Y,N,,Y,ASD,https://asdsingapore.com/adopt/pai-ka,https://asdsingapore.com/assets/images/adopts/pai-ka-20241124145134.jpg
Becky,F,1-Sep-2020,Y,,,,,,Y,,N,ASD,https://asdsingapore.com/adopt/becky,https://asdsingapore.com/assets/images/adopts/becky-20241117212934.jpg
Cheetah,M,1-Oct-2016,N,,,Y,,Y,Y,,Y,ASD,https://asdsingapore.com/adopt/cheetah,https://asdsingapore.com/assets/images/adopts/cheetah-20241117213349.jpg
Green,M,1-Oct-2018,Y,,Y,Y,,Y,N,,N,ASD,https://asdsingapore.com/adopt/green,https://asdsingapore.com/assets/images/adopts/green-20241120194752.jpg
Zendaya,F,1-Nov-2017,Y,,,,,Y,N,,,ASD,https://asdsingapore.com/adopt/zendaya,https://asdsingapore.com/assets/images/adopts/zendaya-20241120220708.jpg
YiDong,M,1-Dec-2021,N,,,Y,Y,,N,,Y,ASD,https://asdsingapore.com/adopt/yidong,https://asdsingapore.com/assets/images/adopts/yidong-20241120220930.jpg
Gellert,M,1-Jan-2022,Y,N,,Y,Y,,Y,,,ASD,https://asdsingapore.com/adopt/gellert,https://asdsingapore.com/assets/images/adopts/gellert-20241104164035.jpeg
Gabby,F,1-Jun-2019,Y,N,,Y,Y,,Y,Y,Y,ASD,https://asdsingapore.com/adopt/gabby,https://asdsingapore.com/assets/images/adopts/gabby-20241104161655.jpg
Lobelle,F,1-Jan-2017,Y,,,Y,,,N,Y,N,ASD,https://asdsingapore.com/adopt/lobelle,https://asdsingapore.com/assets/images/adopts/lobelle-20241120221140.jpg
Tao Bao,F,1-May-2017,N,,,Y,,,N,,N,ASD,https://asdsingapore.com/adopt/tao-bao,https://asdsingapore.com/assets/images/adopts/tao-bao-20220327145341.jpg
Boone,M,1-Dec-2021,Y,N,,,Y,,N,,Y,ASD,https://asdsingapore.com/adopt/boone,https://asdsingapore.com/assets/images/adopts/boone-20230410221315.jpeg
Tiramisu,M,1-Sep-2019,N,,,,Y,,N,,Y,ASD,https://asdsingapore.com/adopt/tiramisu,https://asdsingapore.com/assets/images/adopts/tiramisu-20230410221728.jpeg
Bolt,M,1-Jan-2017,Y,,,Y,,,N,,N,ASD,https://asdsingapore.com/adopt/bolt,https://asdsingapore.com/assets/images/adopts/bolt-20220414112946.jpg
Haniel,F,1-Dec-2020,Y,,Y,Y,,,N,,,ASD,https://asdsingapore.com/adopt/haniel,https://asdsingapore.com/assets/images/adopts/haniel-20231015063957.JPG
Dollar,F,1-Jun-2020,N,,Y,Y,Y,,N,,,ASD,https://asdsingapore.com/adopt/dollar,https://asdsingapore.com/assets/images/adopts/dollar-20220327144305.jpg
Capri,F,1-Jan-2022,Y,,,,,,N,,,ASD,https://asdsingapore.com/adopt/capri,https://asdsingapore.com/assets/images/adopts/capri-20220610113106.jpeg
Elvis,M,1-Dec-20216,Y,,,,,,Y,,,ASD,https://asdsingapore.com/adopt/elvis,https://asdsingapore.com/assets/images/adopts/elvis-20220410193329.jpeg
Martin,M,1-Sep-2020,Y,,,,,,N,,,ASD,https://asdsingapore.com/adopt/martin,https://asdsingapore.com/assets/images/adopts/martin-20220410192446.jpg
Micki,F,1-Nov-2018,Y,,,,,,N,,,ASD,https://asdsingapore.com/adopt/micki,https://asdsingapore.com/assets/images/adopts/micki-20220814124125.jpg
Jim,M,1-Sep-2018,Y,,,,Y,,Y,,Y,ASD,https://asdsingapore.com/adopt/jim,https://asdsingapore.com/assets/images/adopts/jim-20240129172912.jpg
Scirocco,M,1-Nov-2016,N,,,,,,N,,Y,ASD,https://asdsingapore.com/adopt/scirocco,https://asdsingapore.com/assets/images/adopts/scirocco-20220119190640.jpg
Toby,M,1-Jan-2016,N,N,,,,,N,Y,Y,ASD,https://asdsingapore.com/adopt/toby,https://asdsingapore.com/assets/images/adopts/toby-20220119201726.jpg
Calbee,F,1-Jul-2017,Y,,,Y,,,Y,,,ASD,https://asdsingapore.com/adopt/calbee,https://asdsingapore.com/assets/images/adopts/calbee-20220327145637.jpg
Nelly,F,1-Jul-2017,N,,,N,,Y,Y,,,ASD,https://asdsingapore.com/adopt/nelly,https://asdsingapore.com/assets/images/adopts/nelly-20230513015714.jpg
Sterling,M,1-Jan-2013,N,,,,Y,,N,,Y,ASD,https://asdsingapore.com/adopt/sterling,https://asdsingapore.com/assets/images/adopts/sterling-20220402174711.jpg
Yukon,M,1-Nov-2022,Y,,,,Y,,N,Y,,ASD,https://asdsingapore.com/adopt/yukon,https://asdsingapore.com/assets/images/adopts/yukon-20230501104921.jpg
Sinbad,M,1-Aug-2015,Y,,,,Y,,N,,,ASD,https://asdsingapore.com/adopt/sinbad,https://asdsingapore.com/assets/images/adopts/sinbad-20240111035737.jpg
Raju,M,1-Dec-2014,N,N,,,Y,,N,,Y,ASD,https://asdsingapore.com/adopt/raju,https://asdsingapore.com/assets/images/adopts/raju-20220119190145.jpg
Milo,M,1-Jun-2017,N,,,,,,N,,,ASD,https://asdsingapore.com/adopt/milo,https://asdsingapore.com/assets/images/adopts/milo-20220327153441.jpg
Trish,F,1-Feb-2020,Y,,,Y,Y,,Y,,,ASD,https://asdsingapore.com/adopt/trish,https://asdsingapore.com/assets/images/adopts/trish-20220119202348.png
Tony,M,1-Dec-2014,N,,,,Y,,N,,Y,ASD,https://asdsingapore.com/adopt/tony,https://asdsingapore.com/assets/images/adopts/tony-20220409161919.jpg
Niu Niu,M,1-Aug-2022,N,,Y,Y,,,Y,,,ASD,https://asdsingapore.com/adopt/niu-niu,https://asdsingapore.com/assets/images/adopts/niu-niu-20230125173841.jpg
Lambert,M,1-Oct-2015,N,N,,,,,N,,,ASD,https://asdsingapore.com/adopt/lambert,https://asdsingapore.com/assets/images/adopts/lambert-20220119085037.jpg
Mooncake,M,1-Sep-2021,Y,,Y,Y,,,Y,,,ASD,https://asdsingapore.com/adopt/mooncake,https://asdsingapore.com/assets/images/adopts/mooncake-20230216112508.jpg
Tam,M,1-Feb-2013,N,,,Y,,Y,Y,,Y,ASD,https://asdsingapore.com/adopt/tam,https://asdsingapore.com/assets/images/adopts/tam-20220327145548.jpg
Marley,M,1-Mar-2017,N,,,,Y,,Y,,Y,ASD,https://asdsingapore.com/adopt/marley,https://asdsingapore.com/assets/images/adopts/marley-20230125183048.jpg
Fin,M,1-Jun-2017,N,,,,Y,,N,,Y,ASD,https://asdsingapore.com/adopt/fin,https://asdsingapore.com/assets/images/adopts/fin-20220327150217.jpg
Apache,M,1-Apr-2020,N,,,Y,,,N,,Y,ASD,https://asdsingapore.com/adopt/apache,https://asdsingapore.com/assets/images/adopts/apache-20231008155956.jpeg
Gonzo,M,1-Jun-2019,N,Y,,Y,,Y,Y,,,ASD,https://asdsingapore.com/adopt/gonzo,https://asdsingapore.com/assets/images/adopts/gonzo-20230125173427.jpg
Jasper,M,1-Oct-2015,Y,,,,,,N,Y,,ASD,https://asdsingapore.com/adopt/jasper,https://asdsingapore.com/assets/images/adopts/jasper-20220327153528.jpg
Sake,F,1-Aug-2020,Y,,,Y,,,N,,Y,ASD,https://asdsingapore.com/adopt/sake,https://asdsingapore.com/assets/images/adopts/sake-20220327155458.jpg
Akita,F,1-Sep-2017,Y,,,,,,N,,Y,ASD,https://asdsingapore.com/adopt/akita,https://asdsingapore.com/assets/images/adopts/akita-20220119190850.jpg
Christoff,M,1-Jan-2019,Y,,,,,,Y,,,ASD,https://asdsingapore.com/adopt/christoff,https://asdsingapore.com/assets/images/adopts/christoff-20230410220220.jpg
Wuba,M,1-Sep-2019,Y,N,,Y,,,N,,,ASD,https://asdsingapore.com/adopt/wuba,https://asdsingapore.com/assets/images/adopts/wuba-20220119191103.jpg
Aimee ,F,1-Jan-2014,Y,,,,Y,,N,,,ASD,https://asdsingapore.com/adopt/aimee,https://asdsingapore.com/assets/images/adopts/aimee-20220119090253.jpg
Bheen,M,1-Jan-2012,Y,N,,,,,N,,Y,ASD,https://asdsingapore.com/adopt/bheen,https://asdsingapore.com/assets/images/adopts/bheen-20220119084629.jpg
Tarzan,M,1-Mar-2022,Y,,,Y,Y,,Y,,,ASD,https://asdsingapore.com/adopt/tarzan,https://asdsingapore.com/assets/images/adopts/tarzan-20230103112157.jpg
Bebe,F,1-Jan-2012,Y,,,Y,,,N,,,ASD,https://asdsingapore.com/adopt/bebe,https://asdsingapore.com/assets/images/adopts/bebe-20220119192510.jpg
Bacon,M,1-Nov-2023,Y,,,Y,,Y,Y,,N,ASD,https://asdsingapore.com/adopt/bacon,https://asdsingapore.com/assets/images/adopts/bacon-20240603164825.jpg
Karen,F,1-Jan-2012,N,,,Y,,,N,,Y,ASD,https://asdsingapore.com/adopt/karen,https://asdsingapore.com/assets/images/adopts/karen-20220402174823.jpg
Lucy,F,1-Mar-2014,N,,,,Y,,N,,,ASD,https://asdsingapore.com/adopt/lucy,https://asdsingapore.com/assets/images/adopts/lucy-20220327153232.jpg
Bobbi,F,1-Jan-2012,Y,,,,,,N,,Y,ASD,https://asdsingapore.com/adopt/bobbi,https://asdsingapore.com/assets/images/adopts/bobbi-20220327150421.jpg
Tobias,M,1-Feb-2019,N,Y,,Y,,,N,,,ASD,https://asdsingapore.com/adopt/tobias,https://asdsingapore.com/assets/images/adopts/tobias-20190703113104.jpg
Russet,M,1-Nov-2022,Y,,,,Y,,Y,,Y,ASD,https://asdsingapore.com/adopt/russet,https://asdsingapore.com/assets/images/adopts/russet-20230501105008.jpg
Selaphiel,M,1-Dec-2020,Y,N,,,,Y,N,,Y,ASD,https://asdsingapore.com/adopt/selaphiel,https://asdsingapore.com/assets/images/adopts/selaphiel-20231008155617.jpeg
Elly,F,1-Feb-2014,N,,,,,,N,,,ASD,https://asdsingapore.com/adopt/elly,https://asdsingapore.com/assets/images/adopts/elly-20220327155944.jpg
Sakae,M,1-Mar-2016,Y,,,,,,N,,,ASD,https://asdsingapore.com/adopt/sakae,https://asdsingapore.com/assets/images/adopts/sakae-20220327160017.jpg
Lucky B,M,1-Jun-2014,N,,,Y,Y,,N,,Y,ASD,https://asdsingapore.com/adopt/lucky-b,https://asdsingapore.com/assets/images/adopts/lucky-b-20220327145734.jpg
Clovis,M,1-Feb-2016,Y,,,,,,N,,,ASD,https://asdsingapore.com/adopt/clovis,https://asdsingapore.com/assets/images/adopts/clovis-20220119085943.jpg
Ursus,M,1-Jan-2020,N,,,,Y,Y,Y,,Y,ASD,https://asdsingapore.com/adopt/ursus,https://asdsingapore.com/assets/images/adopts/ursus-20220610121339.png
Abby,F,1-Jan-2019,Y,,,,,,N,,,SOSD,https://sosd.org.sg/wpcproduct/abby/?form=adopt,https://sosd.org.sg/wp-content/uploads/2024/05/Abby-e1716517925982.jpg
Alistaire,M,23-Mar-2016,N,,,,,,N,,,SOSD,https://sosd.org.sg/wpcproduct/alistaire/?form=adopt,https://sosd.org.sg/wp-content/uploads/2024/04/Alistaire-e1713250841328.jpg
Amber,F,1-Jan-2019,Y,,,,,,N,,,SOSD,https://sosd.org.sg/wpcproduct/amber/?form=adopt,https://sosd.org.sg/wp-content/uploads/2024/05/Amber-e1716517870256.jpg
Andie,F,1-Jul-2014,N,Y,,Y,,Y,Y,Y,Y,SOSD,https://sosd.org.sg/wpcproduct/andie/?form=adopt,https://sosd.org.sg/wp-content/uploads/2024/07/Andie-e1719805599847.jpg
Archie,M,27-Jun-2022,N,,,Y,Y,,N,Y,,SOSD,https://sosd.org.sg/wpcproduct/archie/?form=adopt,https://sosd.org.sg/wp-content/uploads/2023/04/Archie-e1681652771685.jpg
Asher,M,1-Oct-2012,Y,,,,,Y,N,,,SOSD,https://sosd.org.sg/wpcproduct/asher/?form=adopt,https://sosd.org.sg/wp-content/uploads/2023/11/Asher-e1700063844544.jpg
Benji,M,1-Apr-2011,Y,,,,,,Y,,,SOSD,https://sosd.org.sg/wpcproduct/benji/?form=adopt,https://sosd.org.sg/wp-content/uploads/2021/05/Benji-e1619871671146.jpg
Bramble,M,2-Feb-2021,Y,,,Y,,,N,,,SOSD,https://sosd.org.sg/wpcproduct/bramble/?form=adopt,https://sosd.org.sg/wp-content/uploads/2023/01/Bramble-e1674279825195.jpg
Cheeky,M,21-Oct-2018,N,,,,,,N,,,SOSD,https://sosd.org.sg/wpcproduct/cheeky/?form=adopt,https://sosd.org.sg/wp-content/uploads/2022/03/Cheeky-e1646315216458.jpg
Cooper,M,1-Jun-2019,N,,,,,,N,,,SOSD,https://sosd.org.sg/wpcproduct/cooper/?form=adopt,https://sosd.org.sg/wp-content/uploads/2020/02/Cooper-e1581609558773.jpg
Cosmo,M,1-Jan-2017,N,,,,,,N,,,SOSD,https://sosd.org.sg/wpcproduct/cosmo/?form=adopt,https://sosd.org.sg/wp-content/uploads/2021/02/Cosmo-e1613642700377.jpg
Crescent,F,18-Nov-2019,Y,,,Y,Y,Y,N,,,SOSD,https://sosd.org.sg/wpcproduct/crescent/?form=adopt,https://sosd.org.sg/wp-content/uploads/2024/09/Crescent-e1725285477839.jpg
Damien,M,18-Jun-2016,Y,N,,Y,,Y,Y,,,SOSD,https://sosd.org.sg/wpcproduct/damien/?form=adopt,https://sosd.org.sg/wp-content/uploads/2019/11/Damien-e1572787706478.jpg
Danny,M,19-Dec-2017,Y,,,,,,N,,,SOSD,https://sosd.org.sg/wpcproduct/danny/?form=adopt,https://sosd.org.sg/wp-content/uploads/2024/10/Danny-e1729567389733.jpg
Daxxter,M,11-Dec-2017,Y,,,,,,N,,Y,SOSD,https://sosd.org.sg/wpcproduct/daxxter/?form=adopt,https://sosd.org.sg/wp-content/uploads/2024/12/Daxxter-scaled-e1735566854515.jpg
Diesel,M,18-Jun-2017,Y,,,,,,N,,,SOSD,https://sosd.org.sg/wpcproduct/diesel/?form=adopt,https://sosd.org.sg/wp-content/uploads/2024/09/Diesel-e1725286476429.jpg
Dipsy,M,1-Nov-2021,Y,,,,,,N,,,SOSD,https://sosd.org.sg/wpcproduct/dipsy/?form=adopt,https://sosd.org.sg/wp-content/uploads/2023/12/Dipsy-e1703568491636.jpg
Eddie,M,12-Dec-2017,Y,,,,,,N,,,SOSD,https://sosd.org.sg/wpcproduct/eddie/?form=adopt,https://sosd.org.sg/wp-content/uploads/2024/06/Eddie-e1718259284415.jpg
Eli,M,5-Jan-2012,Y,,,Y,,Y,N,,,SOSD,https://sosd.org.sg/wpcproduct/eli/?form=adopt,https://sosd.org.sg/wp-content/uploads/2022/08/Eli-e1660669988713.jpg
Fuji,M,23-Dec-2014,Y,,,,,,N,,N,SOSD,https://sosd.org.sg/wpcproduct/fuji/?form=adopt,https://sosd.org.sg/wp-content/uploads/2024/06/Fuji-e1718259488991.jpg
Galaxy,F,5-Jul-2014,Y,,,,,,N,,Y,SOSD,https://sosd.org.sg/wpcproduct/galaxy/?form=adopt,https://sosd.org.sg/wp-content/uploads/2014/11/NoImage.jpg
Garcia,F,5-Jul-2014,Y,,,,,,N,,Y,SOSD,https://sosd.org.sg/wpcproduct/garcia/?form=adopt,https://sosd.org.sg/wp-content/uploads/2014/11/NoImage.jpg
Gentle,F,1-Oct-2017,N,,,N,,,N,,Y,SOSD,https://sosd.org.sg/wpcproduct/gentle/?form=adopt,https://sosd.org.sg/wp-content/uploads/2023/12/Gentle-e1703484374390.jpg
Harvey,M,8-Dec-2023,N,,,,Y,,N,,Y,SOSD,https://sosd.org.sg/wpcproduct/harvey/?form=adopt,https://sosd.org.sg/wp-content/uploads/2014/11/NoImage.jpg
Jacky,M,1-Jul-2013,N,,,Y,,,N,,,SOSD,https://sosd.org.sg/wpcproduct/jacky/?form=adopt,https://sosd.org.sg/wp-content/uploads/2020/08/Jacky-e1598281190343.jpg
Kika,F,24-Dec-2016,Y,,,,,,N,,,SOSD,https://sosd.org.sg/wpcproduct/kika/?form=adopt,https://sosd.org.sg/wp-content/uploads/2024/01/Kika-e1706666530617.jpg
Knotti,M,1-Dec-2017,Y,,,,,,Y,,,SOSD,https://sosd.org.sg/wpcproduct/knotti/?form=adopt,https://sosd.org.sg/wp-content/uploads/2023/12/Knotti-e1703569546508.jpg
Latte,F,1-Apr-2009,Y,,,,,,Y,,,SOSD,https://sosd.org.sg/wpcproduct/latte/?form=adopt,https://sosd.org.sg/wp-content/uploads/2014/11/NoImage.jpg
Libby,F,1-Dec-2017,N,,,Y,,,Y,,,SOSD,https://sosd.org.sg/wpcproduct/libby/?form=adopt,https://sosd.org.sg/wp-content/uploads/2023/12/Libby-e1703570182423.jpg
Lily,F,1-Dec-2016,Y,,,,,,N,,,SOSD,https://sosd.org.sg/wpcproduct/lily/?form=adopt,https://sosd.org.sg/wp-content/uploads/2023/12/Lily-e1703484883994.jpg
Linguine,M,22-Jan-2018,Y,,,,,,N,,,SOSD,https://sosd.org.sg/wpcproduct/linguine/?form=adopt,https://sosd.org.sg/wp-content/uploads/2014/11/NoImage.jpg
Lucki,M,1-May-2018,N,,,,Y,,N,,Y,SOSD,https://sosd.org.sg/wpcproduct/lucki/?form=adopt,https://sosd.org.sg/wp-content/uploads/2019/11/Lucki-e1572778132316.jpg
Marsh,M,1-Jan-2017,N,,,Y,,,Y,,,SOSD,https://sosd.org.sg/wpcproduct/marsh/?form=adopt,https://sosd.org.sg/wp-content/uploads/2023/12/Marsh-e1703570862805.jpg
Martin,M,15-Aug-2020,N,,,Y,,,N,,,SOSD,https://sosd.org.sg/wpcproduct/martin/?form=adopt,https://sosd.org.sg/wp-content/uploads/2023/12/Martin3-e1703571050794.jpg
Mavis,F,20-Dec-2017,N,,,Y,,,N,,,SOSD,https://sosd.org.sg/wpcproduct/mavis/?form=adopt,https://sosd.org.sg/wp-content/uploads/2024/11/Mavis-e1731031230641.jpg
Miza,F,31-Jul-2016,Y,,,,,,N,,,SOSD,https://sosd.org.sg/wpcproduct/miza/?form=adopt,https://sosd.org.sg/wp-content/uploads/2024/01/Miza-scaled-e1706668765596.jpg,
Nadia,F,22-Oct-2018,Y,,,Y,,,N,,,SOSD,https://sosd.org.sg/wpcproduct/nadia/?form=adopt,https://sosd.org.sg/wp-content/uploads/2024/11/Nadia-e1730708702325.jpg
Odin,M,29-Aug-2019,N,,,,,Y,Y,,,SOSD,https://sosd.org.sg/wpcproduct/odin/?form=adopt,https://sosd.org.sg/wp-content/uploads/2023/09/Odin-e1695465519640.jpg
Orrie,M,10-Nov-2019,Y,,,,,,N,,,SOSD,https://sosd.org.sg/wpcproduct/orrie/?form=adopt,https://sosd.org.sg/wp-content/uploads/2024/08/Orrie-e1722601110953.jpg
Patrick,M,2-Jan-2019, Y,N,,Y,,,Y,,Y,SOSD,https://sosd.org.sg/wpcproduct/patrick/?form=adopt,https://sosd.org.sg/wp-content/uploads/2022/06/Patrick-e1654713768968.jpg
Pixie,F,1-Dec-2015,Y,,,,,,Y,,,SOSD,https://sosd.org.sg/wpcproduct/pixie/?form=adopt,https://sosd.org.sg/wp-content/uploads/2023/04/Pixie-e1681648993185.jpg
Puff,F,25-Jan-2020,Y,,,,,,N,,,SOSD,https://sosd.org.sg/wpcproduct/puff/?form=adopt,https://sosd.org.sg/wp-content/uploads/2025/02/Puff-scaled-e1739686648716.jpg
Ranger,M,17-May-2021,Y,,,Y,,,N,,,SOSD,https://sosd.org.sg/wpcproduct/ranger/?form=adopt,https://sosd.org.sg/wp-content/uploads/2024/03/Ranger-e1709739957684.jpg
Redford,M,22-Sep-2017,N,,,,,,N,,,SOSD,https://sosd.org.sg/wpcproduct/redford/?form=adopt,https://sosd.org.sg/wp-content/uploads/2023/12/Redford-e1703572005330.jpg
Rooney,M,2-Oct-2020,Y,,,,,,N,,Y,SOSD,https://sosd.org.sg/wpcproduct/rooney/?form=adopt,https://sosd.org.sg/wp-content/uploads/2023/12/Rooney-e1703485083288.jpg
Sinbad,M,12-Dec-2017,N,,,,,,N,,Y,SOSD,https://sosd.org.sg/wpcproduct/sinbad/?form=adopt,https://sosd.org.sg/wp-content/uploads/2022/12/Sinbad-e1670134410523.jpg
Skippy,F,19-Feb-2019,Y,,,,,,N,,Y,SOSD,https://sosd.org.sg/wpcproduct/skippy/?form=adopt,https://sosd.org.sg/wp-content/uploads/2024/04/Skippy-e1712129233140.jpg
Sneezy,M,1-Dec-2017,N,,,,,,Y,,,SOSD,https://sosd.org.sg/wpcproduct/sneezy/?form=adopt,https://sosd.org.sg/wp-content/uploads/2021/11/Sneezy-e1637225495370.jpg
Spot,M,29-Jan-2022,Y,,,Y,,,N,,,SOSD,https://sosd.org.sg/wpcproduct/spot/?form=adopt,https://sosd.org.sg/wp-content/uploads/2025/02/Spot-e1739686350424.jpg
Snoopy,M,15-May-2019,Y,,,,,,N,,,SOSD,https://sosd.org.sg/wpcproduct/snoopy/?form=adopt,https://sosd.org.sg/wp-content/uploads/2024/03/Snoopy-e1709739753979.jpg
Stevie,M,31-Mar-2015,Y,,,,,,N,,,SOSD,https://sosd.org.sg/wpcproduct/stevie/?form=adopt,https://sosd.org.sg/wp-content/uploads/2023/05/Stevie-e1684036254606.jpg
Tales,M,1-Dec-2015,Y,,,,,,Y,,,SOSD,https://sosd.org.sg/wpcproduct/tales/?form=adopt,https://sosd.org.sg/wp-content/uploads/2023/12/Tales-e1703572208260.jpg
Tally,F,1-Jan-2016,Y,,,,,,N,Y,,SOSD,https://sosd.org.sg/wpcproduct/tally/?form=adopt,https://sosd.org.sg/wp-content/uploads/2021/01/Tally-e1611122106506.jpg
Tami,F,3-Oct-2013,Y,,,,,,N,,,SOSD,https://sosd.org.sg/wpcproduct/tami/?form=adopt,https://sosd.org.sg/wp-content/uploads/2022/06/Tami-e1654716524995.jpg
Tanya,F,1-Dec-2016,Y,,,,,Y,Y,,,SOSD,https://sosd.org.sg/wpcproduct/tanya/?form=adopt,https://sosd.org.sg/wp-content/uploads/2024/04/Tanya-e1712129412416.jpg
Thumbelina,F,1-Mar-2018,Y,N,,,,,N,,,SOSD,https://sosd.org.sg/wpcproduct/thumbelina/?form=adopt,https://sosd.org.sg/wp-content/uploads/2022/10/Thumbelina-e1665205725709.jpg
Wang Wang,M,22-Oct-2016,N,,,Y,,,N,,Y,SOSD,https://sosd.org.sg/wpcproduct/wang-wang/?form=adopt,https://sosd.org.sg/wp-content/uploads/2025/02/WangWang-e1739686441192.jpg
Velvet,F,17-Oct-2016,Y,,,,,,N,,,SOSD,https://sosd.org.sg/wpcproduct/velvet/?form=adopt,https://sosd.org.sg/wp-content/uploads/2024/01/Velvet-e1706666735753.jpg
Zane,M,1-Jul-2016,N,,,,,,N,,,SOSD,https://sosd.org.sg/wpcproduct/zane/?form=adopt,https://sosd.org.sg/wp-content/uploads/2020/08/Zane-e1598281735440.jpg
Ace,M,1-Apr-2020,N,,,,,,Y,,Y,SPCA,https://spca.org.sg/animal/ace/,https://spca.org.sg/wp-content/uploads/2023/12/IMG-20231219-WA0025.jpg
Ah Girl,F,1-Aug-2007,Y,,,,,,N,,,SPCA,https://spca.org.sg/animal/ah-girl/,https://spca.org.sg/wp-content/uploads/2024/01/IMG-20231221-WA0038.jpg
Argo,M,1-Aug-2020,N,,,,,,N,,Y,SPCA,https://spca.org.sg/animal/argo/,https://spca.org.sg/wp-content/uploads/2023/10/IMG-20231005-WA0031.jpg
Bacon,M,1-Apr-2018,N,,,,,,N,,,SPCA,https://spca.org.sg/animal/bacon/,https://spca.org.sg/wp-content/uploads/2023/07/IMG-20230705-WA0020.jpg
Benny,M,1-Jan-2013,N,,,,,,N,,,SPCA,https://spca.org.sg/animal/benny/,https://spca.org.sg/wp-content/uploads/2022/12/Benny_2.jpg
Brownie,F,1-May-2015,N,,,,,,N,,,SPCA,https://spca.org.sg/animal/brownie/,https://spca.org.sg/wp-content/uploads/2022/12/Brownie_1.jpg
Bruno,M,15-Feb-2024,Y,,,,,,N,,,SPCA,https://spca.org.sg/animal/bruno-copy/,https://spca.org.sg/wp-content/uploads/2024/10/WhatsApp-Image-2024-10-11-at-3.38.53-PM.jpeg
Cashmere,M,1-Oct-2021,N,,,,Y,,N,,,SPCA,https://spca.org.sg/animal/cashmere/,https://spca.org.sg/wp-content/uploads/2023/12/Cashmere.png
Cliff,M,1-Sep-2013,N,,,,Y,,N,,,SPCA,https://spca.org.sg/animal/cliff/,https://spca.org.sg/wp-content/uploads/2022/12/Cliff_1.jpg
Gnocchi,M,1-Dec-2022,Y,,,Y,,,N,,,SPCA,https://spca.org.sg/animal/gnocchi/,https://spca.org.sg/wp-content/uploads/2023/12/Gnicchi.jpg
Hammie,M,1-Apr-2018,N,,,,,,N,,,SPCA,https://spca.org.sg/animal/hammie/,https://spca.org.sg/wp-content/uploads/2023/07/IMG-20230705-WA0022.jpg
Hazel,F,1-May-2015,N,,,,,Y,N,,,SPCA,https://spca.org.sg/animal/hazel/,https://spca.org.sg/wp-content/uploads/2022/12/Hazel_1.jpg
Hero,M,1-May-2021,N,,,,Y,,N,,,SPCA,https://spca.org.sg/animal/hero/,https://spca.org.sg/wp-content/uploads/2023/12/IMG-20240520-WA0011.jpg
Keiji,M,1-Jul-2016,N,,,,,,N,,,SPCA,https://spca.org.sg/animal/keiji/,https://spca.org.sg/wp-content/uploads/2022/12/Keiji_1.jpg
Kishen,M,1-Sep-2016,N,,,,,,N,,,SPCA,https://spca.org.sg/animal/kishen/,https://spca.org.sg/wp-content/uploads/2022/12/Kishen_1.jpg
Leia,F,1-Jul-2019,Y,,,,,,N,,,SPCA,https://spca.org.sg/animal/leia/,https://spca.org.sg/wp-content/uploads/2025/01/IMG-20250131-WA0046.jpg
Lekar,M,1-Jan-2015,Y,,,,,,Y,,,SPCA,https://spca.org.sg/animal/lekar/,https://spca.org.sg/wp-content/uploads/2025/02/IMG_8639-scaled.jpg
Macho,M,1-Apr-2018,N,,,,Y,,Y,,,SPCA,https://spca.org.sg/animal/macho/,https://spca.org.sg/wp-content/uploads/2022/12/Macho_1.jpg
Maple,F,1-Mar-2024,N,,,Y,,,N,,,SPCA,https://spca.org.sg/animal/maple/,https://spca.org.sg/wp-content/uploads/2024/10/WhatsApp-Image-2024-10-11-at-3.37.44-PM-1.jpeg
Nana,F,1-Mar-2018,Y,,,,,,N,,,SPCA,https://spca.org.sg/animal/nana/,https://spca.org.sg/wp-content/uploads/2024/03/WhatsApp-Image-2024-03-05-at-16.24.28_a1451cf2.jpg
Niko,M,1-Aug-2023,Y,,,,,,N,,,SPCA,https://spca.org.sg/animal/niko/,https://spca.org.sg/wp-content/uploads/2023/11/WhatsApp-Image-2023-11-10-at-18.47.00_b2ac09d8.jpg
Pancake,M,1-Mar-2012,N,,,Y,,,Y,Y,Y,SPCA,https://spca.org.sg/animal/pancake/,https://spca.org.sg/wp-content/uploads/2022/12/Pancake_1.jpg
Peanut,M,1-Feb-2015,N,,,,,Y,N,,,SPCA,https://spca.org.sg/animal/peanut/,https://spca.org.sg/wp-content/uploads/2022/12/Peanut_1.jpg
Pickles,M,1-Dec-2022,Y,,,Y,,,N,,,SPCA,https://spca.org.sg/animal/pickles/,https://spca.org.sg/wp-content/uploads/2023/12/20.jpg
Rocky,M,1-Jul-2014,Y,N,,N,,Y,N,,Y,SPCA,https://spca.org.sg/animal/rocky-2/,https://spca.org.sg/wp-content/uploads/2023/05/DSF1292jpeg-scaled.jpg
Scooby,M,1-Jun-2021,N,,,,Y,,Y,,,SPCA,https://spca.org.sg/animal/scooby-2/,https://spca.org.sg/wp-content/uploads/2024/06/IMG-20240527-WA0039.jpg
Spike,M,1-Jul-2015,N,,,,,,N,,,SPCA,https://spca.org.sg/animal/spike/,https://spca.org.sg/wp-content/uploads/2022/12/Spike_1.jpg
Tiff,F,1-Oct-2024,N,,,,,,N,,,SPCA,https://spca.org.sg/animal/tiff/,https://spca.org.sg/wp-content/uploads/2024/12/WhatsApp-Image-2024-12-26-at-13.57.24_65fdaa50.jpg
Timmy,M,1-Aug-2020,Y,,,,,,N,,,SPCA,https://spca.org.sg/animal/timmy-2/,https://spca.org.sg/wp-content/uploads/2023/09/IMG-20230912-WA0022.jpg
Tita,F,1-Aug-2020,N,,,,,,N,,Y,SPCA,https://spca.org.sg/animal/tita/,https://spca.org.sg/wp-content/uploads/2022/12/Tita_1.jpg
